response,set,alg,RMSE,MAE,R2,NSE
max,A,lme,1.6541125663162783,1.3039869236581558,0.640572702972067,0.6100755353729088
max,B,lme,1.604253879464114,1.2709115874685408,0.6424275321163129,0.6241747386714512
mean,A,lme,1.6399438526359247,1.3034232652685422,0.6509704852405207,0.5618084694758091
mean,B,lme,1.4283448725855359,1.0945573040177645,0.7799435393830643,0.7458311180051381
range,A,lme,0.8450998301740983,0.6376448816914029,0.6802968002686126,0.6800297873061538
range,B,lme,1.1068424799468217,0.8289016010766346,0.7960628178224572,0.7954647717574204
